0;1;2;3;4;5;6;7;8;9;10
10;1;Chłodzenie;Strona główna;0;Opis;Meta title-Chłodzenie;Meta keywords-Chłodzenie;Meta description-Chłodzenie;Chłodzenie;
11;1;Zasilacze;Strona główna;0;Opis;Meta title-Zasilacze;Meta keywords-Zasilacze;Meta description-Zasilacze;Zasilacze;
12;1;Karty graficzne;Strona główna;0;Opis;Meta title-Karty graficzne;Meta keywords-Karty graficzne;Meta description-Karty graficzne;Karty graficzne;
13;1;Pamięci;Strona główna;0;Opis;Meta title-Pamięci;Meta keywords-Pamięci;Meta description-Pamięci;Pamięci;
14;1;Akcesoria;Strona główna;0;Opis;Meta title-Akcesoria;Meta keywords-Akcesoria;Meta description-Akcesoria;Akcesoria;
15;1;Procesory;Strona główna;0;Opis;Meta title-Procesory;Meta keywords-Procesory;Meta description-Procesory;Procesory;
16;1;Amd;Procesory;0;Opis;Meta title-Amd;Meta keywords-Amd;Meta description-Amd;Amd;
17;1;Intel;Procesory;0;Opis;Meta title-Intel;Meta keywords-Intel;Meta description-Intel;Intel;
18;1;Płyty główne;Strona główna;0;Opis;Meta title-Płyty główne;Meta keywords-Płyty główne;Meta description-Płyty główne;Płyty główne;
19;1;Amd;Płyty główne;0;Opis;Meta title-Amd;Meta keywords-Amd;Meta description-Amd;Amd;
20;1;Intel;Płyty główne;0;Opis;Meta title-Intel;Meta keywords-Intel;Meta description-Intel;Intel;
21;1;Tesla;Karty graficzne;0;Opis;Meta title-Tesla;Meta keywords-Tesla;Meta description-Tesla;Tesla;
22;1;Nvidia;Karty graficzne;0;Opis;Meta title-Nvidia;Meta keywords-Nvidia;Meta description-Nvidia;Nvidia;
23;1;Amd;Karty graficzne;0;Opis;Meta title-Amd;Meta keywords-Amd;Meta description-Amd;Amd;
24;1;Dyski;Strona główna;0;Opis;Meta title-Dyski;Meta keywords-Dyski;Meta description-Dyski;Dyski;
25;1;Ssd;Dyski;0;Opis;Meta title-Ssd;Meta keywords-Ssd;Meta description-Ssd;Ssd;
26;1;Hdd;Dyski;0;Opis;Meta title-Hdd;Meta keywords-Hdd;Meta description-Hdd;Hdd;
